{"cameraMode":{"drawMode":0,"name":"Shaded","section":"Shading Mode"},"sceneLighting":true,"audioPlay":false,"sceneViewState":{"showFog":true,"showMaterialUpdate":false,"showSkybox":true,"showFlares":true,"showImageEffects":true,"showParticleSystems":true},"in2DMode":false,"pivot":{"x":-0.1615542322397232,"y":-1.3420109748840333,"z":-0.02791157364845276},"rotation":{"x":0.7182708382606506,"y":0.002081581624224782,"z":-0.0021544971968978645,"w":0.6957571506500244},"size":3.966108560562134,"orthographic":false}