{"cameraMode":{"drawMode":0,"name":"Shaded","section":"Shading Mode"},"sceneLighting":true,"audioPlay":false,"sceneViewState":{"showFog":true,"showMaterialUpdate":false,"showSkybox":true,"showFlares":true,"showImageEffects":true,"showParticleSystems":true},"in2DMode":false,"pivot":{"x":-0.5637730956077576,"y":-0.04901736602187157,"z":-3.724126100540161},"rotation":{"x":0.07518642395734787,"y":0.03856393322348595,"z":-0.0029100775718688967,"w":0.9964193105697632},"size":3.157893419265747,"orthographic":false}