{"cameraMode":{"drawMode":0,"name":"Shaded","section":"Shading Mode"},"sceneLighting":true,"audioPlay":false,"sceneViewState":{"showFog":true,"showMaterialUpdate":false,"showSkybox":true,"showFlares":true,"showImageEffects":true,"showParticleSystems":true},"in2DMode":false,"pivot":{"x":0.11910152435302735,"y":-0.6697937846183777,"z":1.2848386764526368},"rotation":{"x":0.11554381996393204,"y":0.013093983754515648,"z":-0.00152378692291677,"w":0.9932149052619934},"size":3.157893419265747,"orthographic":false}