{"cameraMode":{"drawMode":0,"name":"Shaded","section":"Shading Mode"},"sceneLighting":true,"audioPlay":false,"sceneViewState":{"showFog":true,"showMaterialUpdate":false,"showSkybox":true,"showFlares":true,"showImageEffects":true,"showParticleSystems":true},"in2DMode":false,"pivot":{"x":-1.5510993003845215,"y":0.2971673011779785,"z":-8.77343463897705},"rotation":{"x":-0.14268459379673005,"y":0.8101403117179871,"z":-0.22056350111961366,"w":-0.5240854024887085},"size":10.0,"orthographic":false}