{"cameraMode":{"drawMode":0,"name":"Shaded","section":"Shading Mode"},"sceneLighting":true,"audioPlay":false,"sceneViewState":{"showFog":true,"showMaterialUpdate":false,"showSkybox":true,"showFlares":true,"showImageEffects":true,"showParticleSystems":true},"in2DMode":false,"pivot":{"x":7.809999942779541,"y":0.0,"z":3.4820001125335695},"rotation":{"x":0.024669824168086053,"y":0.8422979712486267,"z":-0.03869536519050598,"w":0.5370551347732544},"size":3.7568886280059816,"orthographic":false}